0,,
0,,
0,,
0,,
0,,
0,,
0,,
0,,
0,,
0,,
0,,
0,,
0,,
0,,
0,,
0,,
0,,
0,,
0,,
0,,
0,,
0,,
0,,
0,,
0,,
0,,
0,,
0,,
0,,
1,298.0,391.0
0,,
0,,
0,,
0,,
0,,
0,,
0,,
0,,
0,,
0,,
0,,
0,,
0,,
0,,
0,,
0,,
0,,
0,,
0,,
0,,
0,,
0,,
0,,
0,,
0,,
0,,
0,,
0,,
0,,
0,,
0,,
0,,
0,,
0,,
0,,
0,,
0,,
0,,
0,,
0,,
0,,
0,,
0,,
1,1919.0,557.0
0,,
0,,
0,,
0,,
0,,
0,,
0,,
0,,
0,,
0,,
0,,
0,,
0,,
0,,
0,,
0,,
0,,
0,,
0,,
0,,
0,,
0,,
0,,
0,,
0,,
0,,
0,,
0,,
0,,
0,,
0,,
0,,
0,,
0,,
0,,
0,,
0,,
0,,
0,,
0,,
0,,
0,,
0,,
0,,
0,,
0,,
0,,
0,,
0,,
0,,
0,,
0,,
0,,
0,,
0,,
0,,
0,,
0,,
0,,
0,,
0,,
1,787.0,9.0
0,,
0,,
0,,
0,,
0,,
0,,
0,,
0,,
0,,
0,,
0,,
0,,
0,,
0,,
0,,
0,,
0,,
0,,
0,,
0,,
0,,
0,,
0,,
0,,
0,,
0,,
0,,
0,,
0,,
0,,
0,,
0,,
0,,
0,,
0,,
0,,
0,,
0,,
0,,
0,,
0,,
0,,
0,,
0,,
0,,
0,,
0,,
0,,
0,,
0,,
0,,
0,,
0,,
0,,
0,,
0,,
0,,
0,,
0,,
0,,
0,,
0,,
0,,
0,,
0,,
0,,
0,,
0,,
0,,
0,,
0,,
0,,
0,,
1,795.0,911.0
0,,
0,,
0,,
0,,
0,,
0,,
0,,
0,,
0,,
0,,
0,,
0,,
0,,
0,,
0,,
0,,
0,,
0,,
0,,
0,,
0,,
0,,
0,,
0,,
0,,
0,,
0,,
0,,
0,,
0,,
0,,
0,,
0,,
0,,
0,,
0,,
0,,
0,,
0,,
0,,
0,,
0,,
0,,
0,,
0,,
0,,
0,,
0,,
0,,
0,,
0,,
0,,
0,,
0,,
0,,
0,,
0,,
0,,
0,,
0,,
0,,
0,,
0,,
0,,
0,,
0,,
0,,
0,,
0,,
0,,
0,,
0,,
0,,
0,,
0,,
0,,
0,,
0,,
0,,
0,,
0,,
0,,
0,,
0,,
1,393.0,801.0
0,,
0,,
0,,
0,,
0,,
0,,
0,,
0,,
0,,
0,,
0,,
0,,
0,,
0,,
0,,
0,,
0,,
0,,
0,,
0,,
0,,
0,,
0,,
0,,
0,,
0,,
0,,
0,,
0,,
0,,
0,,
0,,
0,,
0,,
0,,
0,,
0,,
0,,
0,,
0,,
0,,
0,,
0,,
0,,
0,,
0,,
0,,
0,,
0,,
0,,
0,,
0,,
0,,
0,,
0,,
0,,
0,,
0,,
0,,
0,,
0,,
0,,
0,,
0,,
0,,
0,,
0,,
0,,
0,,
0,,
0,,
0,,
0,,
0,,
0,,
0,,
0,,
0,,
0,,
0,,
0,,
0,,
0,,
0,,
0,,
0,,
0,,
0,,
0,,
0,,
0,,
0,,
0,,
0,,
0,,
0,,
0,,
1,1799.0,285.0
0,,
0,,
0,,
0,,
0,,
0,,
0,,
0,,
0,,
0,,
0,,
0,,
0,,
0,,
0,,
0,,
0,,
0,,
0,,
0,,
0,,
0,,
0,,
0,,
0,,
0,,
0,,
0,,
0,,
0,,
0,,
0,,
0,,
0,,
0,,
0,,
0,,
0,,
0,,
0,,
0,,
0,,
0,,
0,,
0,,
0,,
0,,
0,,
0,,
0,,
0,,
0,,
0,,
0,,
0,,
0,,
0,,
0,,
0,,
0,,
0,,
0,,
0,,
0,,
0,,
0,,
0,,
0,,
0,,
0,,
0,,
0,,
0,,
0,,
0,,
0,,
0,,
0,,
0,,
0,,
0,,
0,,
0,,
0,,
0,,
0,,
0,,
0,,
0,,
0,,
0,,
0,,
0,,
0,,
0,,
0,,
0,,
0,,
0,,
0,,
0,,
0,,
0,,
0,,
0,,
0,,
0,,
0,,
0,,
0,,
1,1137.0,205.0
0,,
0,,
0,,
0,,
0,,
0,,
0,,
0,,
0,,
0,,
0,,
0,,
0,,
0,,
0,,
0,,
0,,
0,,
0,,
0,,
0,,
0,,
0,,
0,,
0,,
0,,
0,,
0,,
0,,
0,,
0,,
0,,
0,,
0,,
0,,
0,,
0,,
0,,
0,,
0,,
0,,
0,,
0,,
0,,
0,,
0,,
0,,
0,,
0,,
0,,
0,,
0,,
0,,
0,,
0,,
0,,
0,,
0,,
0,,
0,,
0,,
0,,
0,,
0,,
0,,
0,,
0,,
0,,
0,,
0,,
0,,
0,,
0,,
0,,
0,,
0,,
0,,
0,,
0,,
0,,
0,,
0,,
0,,
0,,
0,,
0,,
0,,
0,,
0,,
0,,
0,,
0,,
0,,
0,,
0,,
0,,
0,,
0,,
0,,
0,,
0,,
0,,
0,,
0,,
0,,
0,,
0,,
0,,
0,,
0,,
0,,
0,,
0,,
0,,
0,,
0,,
0,,
0,,
0,,
0,,
1,971.0,871.0
0,,
0,,
0,,
0,,
0,,
0,,
0,,
0,,
0,,
0,,
0,,
0,,
0,,
0,,
0,,
0,,
0,,
0,,
0,,
0,,
0,,
0,,
0,,
0,,
0,,
0,,
0,,
0,,
0,,
0,,
0,,
0,,
0,,
0,,
0,,
0,,
0,,
0,,
0,,
0,,
0,,
0,,
0,,
0,,
0,,
0,,
0,,
0,,
0,,
0,,
0,,
0,,
0,,
0,,
0,,
0,,
0,,
0,,
0,,
0,,
0,,
0,,
0,,
0,,
0,,
0,,
0,,
0,,
0,,
0,,
0,,
0,,
0,,
0,,
0,,
0,,
0,,
0,,
0,,
0,,
0,,
0,,
0,,
0,,
0,,
0,,
0,,
0,,
0,,
0,,
0,,
0,,
0,,
0,,
0,,
0,,
0,,
0,,
0,,
0,,
0,,
0,,
0,,
0,,
0,,
0,,
0,,
0,,
0,,
0,,
0,,
0,,
0,,
0,,
0,,
0,,
0,,
0,,
0,,
0,,
0,,
0,,
0,,
0,,
0,,
0,,
0,,
0,,
0,,
0,,
0,,
1,235.0,495.0
0,,
0,,
0,,
0,,
0,,
0,,
0,,
0,,
0,,
0,,
0,,
0,,
0,,
0,,
0,,
0,,
0,,
0,,
0,,
0,,
0,,
0,,
0,,
0,,
0,,
0,,
0,,
0,,
0,,
0,,
0,,
0,,
0,,
0,,
0,,
0,,
0,,
0,,
0,,
0,,
0,,
0,,
0,,
0,,
0,,
0,,
0,,
0,,
0,,
0,,
0,,
0,,
0,,
0,,
0,,
0,,
0,,
0,,
0,,
0,,
0,,
0,,
0,,
0,,
0,,
0,,
0,,
0,,
0,,
0,,
0,,
0,,
0,,
0,,
0,,
0,,
0,,
0,,
0,,
0,,
0,,
0,,
0,,
0,,
0,,
0,,
0,,
0,,
0,,
0,,
0,,
0,,
0,,
0,,
0,,
0,,
0,,
0,,
0,,
0,,
0,,
0,,
0,,
0,,
0,,
0,,
0,,
0,,
0,,
0,,
0,,
0,,
0,,
0,,
0,,
0,,
0,,
0,,
0,,
0,,
0,,
0,,
0,,
0,,
0,,
0,,
0,,
0,,
0,,
0,,
0,,
0,,
0,,
0,,
0,,
0,,
0,,
0,,
0,,
0,,
0,,
0,,
1,1919.0,557.0
0,,
0,,
0,,
0,,
0,,
0,,
0,,
0,,
0,,
0,,
0,,
0,,
0,,
0,,
0,,
0,,
0,,
0,,
0,,
0,,
0,,
0,,
0,,
0,,
0,,
0,,
0,,
0,,
0,,
0,,
0,,
0,,
0,,
0,,
0,,
0,,
0,,
0,,
0,,
0,,
0,,
0,,
0,,
0,,
0,,
0,,
0,,
0,,
0,,
0,,
0,,
0,,
0,,
0,,
0,,
0,,
0,,
0,,
0,,
0,,
0,,
0,,
0,,
0,,
0,,
0,,
0,,
0,,
0,,
0,,
0,,
0,,
0,,
0,,
0,,
0,,
0,,
0,,
0,,
0,,
0,,
0,,
0,,
0,,
0,,
0,,
0,,
0,,
0,,
0,,
0,,
0,,
0,,
0,,
0,,
0,,
0,,
0,,
0,,
0,,
0,,
0,,
0,,
0,,
0,,
0,,
0,,
0,,
0,,
0,,
0,,
0,,
0,,
0,,
0,,
0,,
0,,
0,,
0,,
0,,
0,,
0,,
0,,
0,,
0,,
0,,
0,,
0,,
0,,
0,,
0,,
0,,
0,,
0,,
0,,
0,,
0,,
0,,
0,,
0,,
0,,
0,,
0,,
0,,
0,,
0,,
0,,
0,,
0,,
0,,
0,,
0,,
1,891.0,433.0
0,,
0,,
0,,
0,,
0,,
0,,
0,,
0,,
0,,
0,,
0,,
0,,
0,,
0,,
0,,
0,,
0,,
0,,
0,,
0,,
0,,
0,,
0,,
0,,
0,,
0,,
0,,
0,,
0,,
0,,
0,,
0,,
0,,
0,,
0,,
0,,
0,,
0,,
0,,
0,,
0,,
0,,
0,,
0,,
0,,
0,,
0,,
0,,
0,,
0,,
0,,
0,,
0,,
0,,
0,,
0,,
0,,
0,,
0,,
0,,
0,,
0,,
0,,
0,,
0,,
0,,
0,,
0,,
0,,
0,,
0,,
0,,
0,,
0,,
0,,
0,,
0,,
0,,
0,,
0,,
0,,
0,,
0,,
0,,
0,,
0,,
0,,
0,,
0,,
0,,
0,,
0,,
0,,
0,,
0,,
0,,
0,,
0,,
0,,
0,,
0,,
0,,
0,,
0,,
0,,
0,,
0,,
0,,
0,,
0,,
0,,
0,,
0,,
0,,
0,,
0,,
0,,
0,,
0,,
0,,
0,,
0,,
0,,
0,,
0,,
0,,
0,,
0,,
0,,
0,,
0,,
0,,
0,,
0,,
0,,
0,,
0,,
0,,
0,,
0,,
0,,
0,,
0,,
0,,
0,,
0,,
0,,
0,,
0,,
0,,
0,,
0,,
0,,
0,,
0,,
0,,
0,,
0,,
0,,
0,,
0,,
1,795.0,911.0
0,,
0,,
0,,
0,,
0,,
0,,
0,,
0,,
0,,
0,,
0,,
0,,
0,,
0,,
0,,
0,,
0,,
0,,
0,,
0,,
0,,
0,,
0,,
0,,
0,,
0,,
0,,
0,,
0,,
0,,
0,,
0,,
0,,
0,,
0,,
0,,
0,,
0,,
0,,
0,,
0,,
0,,
0,,
0,,
0,,
0,,
0,,
0,,
0,,
0,,
0,,
0,,
0,,
0,,
0,,
0,,
0,,
0,,
0,,
0,,
0,,
0,,
0,,
0,,
0,,
0,,
0,,
0,,
0,,
0,,
0,,
0,,
0,,
0,,
0,,
0,,
0,,
0,,
0,,
0,,
0,,
0,,
0,,
0,,
0,,
0,,
0,,
0,,
0,,
0,,
0,,
0,,
0,,
0,,
0,,
0,,
0,,
0,,
0,,
0,,
0,,
0,,
0,,
0,,
0,,
0,,
0,,
0,,
0,,
0,,
0,,
0,,
0,,
0,,
0,,
0,,
0,,
0,,
0,,
0,,
0,,
0,,
0,,
0,,
0,,
0,,
0,,
0,,
0,,
0,,
0,,
0,,
0,,
0,,
0,,
0,,
0,,
0,,
0,,
0,,
0,,
0,,
0,,
0,,
0,,
0,,
0,,
0,,
0,,
0,,
0,,
0,,
0,,
0,,
0,,
0,,
0,,
0,,
0,,
0,,
0,,
0,,
0,,
0,,
0,,
0,,
0,,
0,,
0,,
0,,
0,,
1,369.0,205.0
0,,
0,,
0,,
0,,
0,,
0,,
0,,
0,,
0,,
0,,
0,,
0,,
0,,
0,,
0,,
0,,
0,,
0,,
0,,
0,,
0,,
0,,
0,,
0,,
0,,
0,,
0,,
0,,
0,,
0,,
0,,
0,,
0,,
0,,
0,,
0,,
0,,
0,,
0,,
0,,
0,,
0,,
0,,
0,,
0,,
0,,
0,,
0,,
0,,
0,,
0,,
0,,
0,,
0,,
0,,
0,,
0,,
0,,
0,,
0,,
0,,
0,,
0,,
0,,
0,,
0,,
0,,
0,,
0,,
0,,
0,,
0,,
0,,
0,,
0,,
0,,
0,,
0,,
0,,
0,,
0,,
0,,
0,,
0,,
0,,
0,,
0,,
0,,
0,,
0,,
0,,
0,,
0,,
0,,
0,,
0,,
0,,
0,,
0,,
0,,
0,,
0,,
0,,
0,,
0,,
0,,
0,,
0,,
0,,
0,,
0,,
0,,
0,,
0,,
0,,
0,,
0,,
0,,
0,,
0,,
0,,
0,,
0,,
0,,
0,,
0,,
0,,
0,,
0,,
0,,
0,,
0,,
0,,
0,,
0,,
0,,
0,,
0,,
0,,
0,,
0,,
0,,
0,,
0,,
0,,
0,,
0,,
0,,
0,,
0,,
0,,
0,,
0,,
0,,
0,,
0,,
0,,
0,,
0,,
0,,
0,,
0,,
0,,
0,,
0,,
0,,
0,,
0,,
0,,
0,,
0,,
0,,
0,,
0,,
0,,
0,,
0,,
0,,
0,,
0,,
1,1689.0,447.0
0,,
0,,
0,,
0,,
0,,
0,,
0,,
0,,
0,,
0,,
0,,
0,,
0,,
0,,
0,,
0,,
0,,
0,,
0,,
0,,
0,,
0,,
0,,
0,,
0,,
0,,
0,,
0,,
0,,
0,,
0,,
0,,
0,,
0,,
0,,
0,,
0,,
0,,
0,,
0,,
0,,
0,,
0,,
0,,
0,,
0,,
0,,
0,,
0,,
0,,
0,,
0,,
0,,
0,,
0,,
0,,
0,,
0,,
0,,
0,,
0,,
0,,
0,,
0,,
0,,
0,,
0,,
0,,
0,,
0,,
0,,
0,,
0,,
0,,
0,,
0,,
0,,
0,,
0,,
0,,
0,,
0,,
0,,
0,,
0,,
0,,
0,,
0,,
0,,
0,,
0,,
0,,
0,,
0,,
0,,
0,,
0,,
0,,
0,,
0,,
0,,
0,,
0,,
0,,
0,,
0,,
0,,
0,,
0,,
0,,
0,,
0,,
0,,
0,,
0,,
0,,
0,,
0,,
0,,
0,,
0,,
0,,
0,,
0,,
0,,
0,,
0,,
0,,
0,,
0,,
0,,
0,,
0,,
0,,
0,,
0,,
0,,
0,,
0,,
0,,
0,,
0,,
0,,
0,,
0,,
0,,
0,,
0,,
0,,
0,,
0,,
0,,
0,,
0,,
0,,
0,,
0,,
0,,
0,,
0,,
0,,
0,,
0,,
0,,
0,,
0,,
0,,
0,,
0,,
0,,
0,,
0,,
0,,
0,,
0,,
0,,
0,,
0,,
0,,
0,,
0,,
0,,
0,,
0,,
0,,
0,,
0,,
0,,
0,,
1,945.0,635.0
0,,
0,,
0,,
0,,
0,,
0,,
0,,
0,,
0,,
0,,
0,,
0,,
0,,
0,,
0,,
0,,
0,,
0,,
0,,
0,,
0,,
0,,
0,,
0,,
0,,
0,,
0,,
0,,
0,,
0,,
0,,
0,,
0,,
0,,
0,,
0,,
0,,
0,,
0,,
0,,
0,,
0,,
0,,
0,,
0,,
0,,
0,,
0,,
0,,
0,,
0,,
0,,
0,,
0,,
0,,
0,,
0,,
0,,
0,,
0,,
0,,
0,,
0,,
0,,
0,,
0,,
0,,
0,,
0,,
0,,
0,,
0,,
0,,
0,,
0,,
0,,
0,,
0,,
0,,
0,,
0,,
0,,
0,,
0,,
0,,
0,,
0,,
0,,
0,,
0,,
0,,
0,,
0,,
0,,
0,,
0,,
0,,
0,,
0,,
0,,
0,,
0,,
0,,
0,,
0,,
0,,
0,,
0,,
0,,
0,,
0,,
0,,
0,,
0,,
0,,
0,,
0,,
0,,
0,,
0,,
0,,
0,,
0,,
0,,
0,,
0,,
0,,
0,,
0,,
0,,
0,,
0,,
0,,
0,,
0,,
0,,
0,,
0,,
0,,
0,,
0,,
0,,
0,,
0,,
0,,
0,,
0,,
0,,
0,,
0,,
0,,
0,,
0,,
0,,
0,,
0,,
0,,
0,,
0,,
0,,
0,,
0,,
0,,
0,,
0,,
0,,
0,,
0,,
0,,
0,,
0,,
0,,
0,,
0,,
0,,
0,,
0,,
0,,
0,,
0,,
0,,
0,,
0,,
0,,
0,,
0,,
0,,
0,,
0,,
0,,
0,,
0,,
0,,
0,,
0,,
0,,
0,,
0,,
0,,
1,327.0,11.0
0,,
0,,
0,,
0,,
0,,
0,,
0,,
0,,
0,,
0,,
0,,
0,,
0,,
0,,
0,,
0,,
0,,
0,,
0,,
0,,
0,,
0,,
0,,
0,,
0,,
0,,
0,,
0,,
0,,
0,,
0,,
0,,
0,,
0,,
0,,
0,,
0,,
0,,
0,,
0,,
0,,
0,,
0,,
0,,
0,,
0,,
0,,
0,,
0,,
0,,
0,,
0,,
0,,
0,,
0,,
0,,
0,,
0,,
0,,
0,,
0,,
0,,
0,,
0,,
0,,
0,,
0,,
0,,
0,,
0,,
0,,
0,,
0,,
0,,
0,,
0,,
0,,
0,,
0,,
0,,
0,,
0,,
0,,
0,,
0,,
0,,
0,,
0,,
0,,
0,,
0,,
0,,
0,,
0,,
0,,
0,,
0,,
0,,
0,,
0,,
0,,
0,,
0,,
0,,
0,,
0,,
0,,
0,,
0,,
0,,
0,,
0,,
0,,
0,,
0,,
0,,
0,,
0,,
0,,
0,,
0,,
0,,
0,,
0,,
0,,
0,,
0,,
0,,
0,,
0,,
0,,
0,,
0,,
0,,
0,,
0,,
0,,
0,,
0,,
0,,
0,,
0,,
0,,
0,,
0,,
0,,
0,,
0,,
0,,
0,,
0,,
0,,
0,,
0,,
0,,
0,,
0,,
0,,
0,,
0,,
0,,
0,,
0,,
0,,
0,,
0,,
0,,
0,,
0,,
0,,
0,,
0,,
0,,
0,,
0,,
0,,
0,,
0,,
0,,
0,,
0,,
0,,
0,,
0,,
0,,
0,,
0,,
0,,
0,,
0,,
0,,
0,,
0,,
0,,
0,,
0,,
0,,
0,,
0,,
0,,
0,,
0,,
0,,
0,,
0,,
0,,
0,,
0,,
1,1393.0,434.0
0,,
0,,
0,,
0,,
0,,
0,,
0,,
0,,
0,,
0,,
0,,
0,,
0,,
0,,
0,,
0,,
0,,
0,,
0,,
0,,
0,,
0,,
0,,
0,,
0,,
0,,
0,,
0,,
0,,
0,,
0,,
0,,
0,,
0,,
0,,
0,,
0,,
0,,
0,,
0,,
0,,
0,,
0,,
0,,
0,,
0,,
0,,
0,,
0,,
0,,
0,,
0,,
0,,
0,,
0,,
0,,
0,,
0,,
0,,
0,,
0,,
0,,
0,,
0,,
0,,
0,,
0,,
0,,
0,,
0,,
0,,
0,,
0,,
0,,
0,,
0,,
0,,
0,,
0,,
0,,
0,,
0,,
0,,
0,,
0,,
0,,
0,,
0,,
0,,
0,,
0,,
0,,
0,,
0,,
0,,
0,,
0,,
0,,
0,,
0,,
0,,
0,,
0,,
0,,
0,,
0,,
0,,
0,,
0,,
0,,
0,,
0,,
0,,
0,,
0,,
0,,
0,,
0,,
0,,
0,,
0,,
0,,
0,,
0,,
0,,
0,,
0,,
0,,
0,,
0,,
0,,
0,,
0,,
0,,
0,,
0,,
0,,
0,,
0,,
0,,
0,,
0,,
0,,
0,,
0,,
0,,
0,,
0,,
0,,
0,,
0,,
0,,
0,,
0,,
0,,
0,,
0,,
0,,
0,,
0,,
0,,
0,,
0,,
0,,
0,,
0,,
0,,
0,,
0,,
0,,
0,,
0,,
0,,
0,,
0,,
0,,
0,,
0,,
0,,
0,,
0,,
0,,
0,,
0,,
0,,
0,,
0,,
0,,
0,,
0,,
0,,
0,,
0,,
0,,
0,,
0,,
0,,
0,,
0,,
0,,
0,,
0,,
0,,
0,,
0,,
0,,
0,,
0,,
0,,
0,,
0,,
0,,
0,,
0,,
0,,
0,,
0,,
0,,
1,1229.0,750.0
0,,
0,,
0,,
0,,
0,,
0,,
0,,
0,,
0,,
0,,
0,,
0,,
0,,
0,,
0,,
0,,
0,,
0,,
0,,
0,,
0,,
0,,
0,,
0,,
0,,
0,,
0,,
0,,
0,,
0,,
0,,
0,,
0,,
0,,
0,,
0,,
0,,
0,,
0,,
0,,
0,,
0,,
0,,
0,,
0,,
0,,
0,,
0,,
0,,
0,,
0,,
0,,
0,,
0,,
0,,
0,,
0,,
0,,
0,,
0,,
0,,
0,,
0,,
0,,
0,,
0,,
0,,
0,,
0,,
0,,
0,,
0,,
0,,
0,,
0,,
0,,
0,,
0,,
0,,
0,,
0,,
0,,
0,,
0,,
0,,
0,,
0,,
0,,
0,,
0,,
0,,
0,,
0,,
0,,
0,,
0,,
0,,
0,,
0,,
0,,
0,,
0,,
0,,
0,,
0,,
0,,
0,,
0,,
0,,
0,,
0,,
0,,
0,,
0,,
0,,
0,,
0,,
0,,
0,,
0,,
0,,
0,,
0,,
0,,
0,,
0,,
0,,
0,,
0,,
0,,
0,,
0,,
0,,
0,,
0,,
0,,
0,,
0,,
0,,
0,,
0,,
0,,
0,,
0,,
0,,
0,,
0,,
0,,
0,,
0,,
0,,
0,,
0,,
0,,
0,,
0,,
0,,
0,,
0,,
0,,
0,,
0,,
0,,
0,,
0,,
0,,
0,,
0,,
0,,
0,,
0,,
0,,
0,,
0,,
0,,
0,,
0,,
0,,
0,,
0,,
0,,
0,,
0,,
0,,
0,,
0,,
0,,
0,,
0,,
0,,
0,,
0,,
0,,
0,,
0,,
0,,
0,,
0,,
0,,
0,,
0,,
0,,
0,,
0,,
0,,
0,,
0,,
0,,
0,,
0,,
0,,
0,,
0,,
0,,
0,,
0,,
0,,
0,,
0,,
0,,
0,,
0,,
0,,
0,,
0,,
0,,
0,,
1,298.0,391.0
0,,
0,,
0,,
0,,
0,,
0,,
0,,
0,,
0,,
0,,
0,,
0,,
0,,
0,,
0,,
0,,
0,,
0,,
0,,
0,,
0,,
0,,
0,,
0,,
0,,
0,,
0,,
0,,
0,,
0,,
0,,
0,,
0,,
0,,
0,,
0,,
0,,
0,,
0,,
0,,
0,,
0,,
0,,
0,,
0,,
0,,
0,,
0,,
0,,
0,,
0,,
0,,
0,,
0,,
0,,
0,,
0,,
0,,
0,,
0,,
0,,
0,,
0,,
0,,
0,,
0,,
0,,
0,,
0,,
0,,
0,,
0,,
0,,
0,,
0,,
0,,
0,,
0,,
0,,
0,,
0,,
0,,
0,,
0,,
0,,
0,,
0,,
0,,
0,,
0,,
0,,
0,,
0,,
0,,
0,,
0,,
0,,
0,,
0,,
0,,
0,,
0,,
0,,
0,,
0,,
0,,
0,,
0,,
0,,
0,,
0,,
0,,
0,,
0,,
0,,
0,,
0,,
0,,
0,,
0,,
0,,
0,,
0,,
0,,
0,,
0,,
0,,
0,,
0,,
0,,
0,,
0,,
0,,
0,,
0,,
0,,
0,,
0,,
0,,
0,,
0,,
0,,
0,,
0,,
0,,
0,,
0,,
0,,
0,,
0,,
0,,
0,,
0,,
0,,
0,,
0,,
0,,
0,,
0,,
0,,
0,,
0,,
0,,
0,,
0,,
0,,
0,,
0,,
0,,
0,,
0,,
0,,
0,,
0,,
0,,
0,,
0,,
0,,
0,,
0,,
0,,
0,,
0,,
0,,
0,,
0,,
0,,
0,,
0,,
0,,
0,,
0,,
0,,
0,,
0,,
0,,
0,,
0,,
0,,
0,,
0,,
0,,
0,,
0,,
0,,
0,,
0,,
0,,
0,,
0,,
0,,
0,,
0,,
0,,
0,,
0,,
0,,
0,,
0,,
0,,
0,,
0,,
0,,
0,,
0,,
0,,
0,,
0,,
0,,
0,,
0,,
0,,
0,,
0,,
0,,
0,,
1,1209.0,516.0
0,,
0,,
0,,
0,,
0,,
0,,
0,,
0,,
0,,
0,,
0,,
0,,
0,,
0,,
0,,
0,,
0,,
0,,
0,,
0,,
0,,
0,,
0,,
0,,
0,,
0,,
0,,
0,,
0,,
0,,
0,,
0,,
0,,
0,,
0,,
0,,
0,,
0,,
0,,
0,,
0,,
0,,
0,,
0,,
0,,
0,,
0,,
0,,
0,,
0,,
0,,
0,,
0,,
0,,
0,,
0,,
0,,
0,,
0,,
0,,
0,,
0,,
0,,
0,,
0,,
0,,
0,,
0,,
0,,
0,,
0,,
0,,
0,,
0,,
0,,
0,,
0,,
0,,
0,,
0,,
0,,
0,,
0,,
0,,
0,,
0,,
0,,
0,,
0,,
0,,
0,,
0,,
0,,
0,,
0,,
0,,
0,,
0,,
0,,
0,,
0,,
0,,
0,,
0,,
0,,
0,,
0,,
0,,
0,,
0,,
0,,
0,,
0,,
0,,
0,,
0,,
0,,
0,,
0,,
0,,
0,,
0,,
0,,
0,,
0,,
0,,
0,,
0,,
0,,
0,,
0,,
0,,
0,,
0,,
0,,
0,,
0,,
0,,
0,,
0,,
0,,
0,,
0,,
0,,
0,,
0,,
0,,
0,,
0,,
0,,
0,,
0,,
0,,
0,,
0,,
0,,
0,,
0,,
0,,
0,,
0,,
0,,
0,,
0,,
0,,
0,,
0,,
0,,
0,,
0,,
0,,
0,,
0,,
0,,
0,,
0,,
0,,
0,,
0,,
0,,
0,,
0,,
0,,
0,,
0,,
0,,
0,,
0,,
0,,
0,,
0,,
0,,
0,,
0,,
0,,
0,,
0,,
0,,
0,,
0,,
0,,
0,,
0,,
0,,
0,,
0,,
0,,
0,,
0,,
0,,
0,,
0,,
0,,
0,,
0,,
0,,
0,,
0,,
0,,
0,,
0,,
0,,
0,,
0,,
0,,
0,,
0,,
0,,
0,,
0,,
0,,
0,,
0,,
0,,
0,,
0,,
0,,
0,,
0,,
0,,
0,,
0,,
0,,
0,,
0,,
1,1437.0,826.0
0,,
0,,
0,,
0,,
0,,
0,,
0,,
0,,
0,,
0,,
0,,
0,,
0,,
0,,
0,,
0,,
0,,
0,,
0,,
0,,
0,,
0,,
0,,
0,,
0,,
0,,
0,,
0,,
0,,
0,,
0,,
0,,
0,,
0,,
0,,
0,,
0,,
0,,
0,,
0,,
0,,
0,,
0,,
0,,
0,,
0,,
0,,
0,,
0,,
0,,
0,,
0,,
0,,
0,,
0,,
0,,
0,,
0,,
0,,
0,,
0,,
0,,
0,,
0,,
0,,
0,,
0,,
0,,
0,,
0,,
0,,
0,,
0,,
0,,
0,,
0,,
0,,
0,,
0,,
0,,
0,,
0,,
0,,
0,,
0,,
0,,
0,,
0,,
0,,
0,,
0,,
0,,
0,,
0,,
0,,
0,,
0,,
0,,
0,,
0,,
0,,
0,,
0,,
0,,
0,,
0,,
0,,
0,,
0,,
0,,
0,,
0,,
0,,
0,,
0,,
0,,
0,,
0,,
0,,
0,,
0,,
0,,
0,,
0,,
0,,
0,,
0,,
0,,
0,,
0,,
0,,
0,,
0,,
0,,
0,,
0,,
0,,
0,,
0,,
0,,
0,,
0,,
0,,
0,,
0,,
0,,
0,,
0,,
0,,
0,,
0,,
0,,
0,,
0,,
0,,
0,,
0,,
0,,
0,,
0,,
0,,
0,,
0,,
0,,
0,,
0,,
0,,
0,,
0,,
0,,
0,,
0,,
0,,
0,,
0,,
0,,
0,,
0,,
0,,
0,,
0,,
0,,
0,,
0,,
0,,
0,,
0,,
0,,
0,,
0,,
0,,
0,,
0,,
0,,
0,,
0,,
0,,
0,,
0,,
0,,
0,,
0,,
0,,
0,,
0,,
0,,
0,,
0,,
0,,
0,,
0,,
0,,
0,,
0,,
0,,
0,,
0,,
0,,
0,,
0,,
0,,
0,,
0,,
0,,
0,,
0,,
0,,
0,,
0,,
0,,
0,,
0,,
0,,
0,,
0,,
0,,
0,,
0,,
0,,
0,,
0,,
0,,
0,,
0,,
0,,
0,,
0,,
0,,
0,,
0,,
0,,
0,,
0,,
1,393.0,801.0
0,,
0,,
0,,
0,,
0,,
0,,
0,,
0,,
0,,
0,,
0,,
0,,
0,,
0,,
0,,
0,,
0,,
0,,
0,,
0,,
0,,
0,,
0,,
0,,
0,,
0,,
0,,
0,,
0,,
0,,
0,,
0,,
0,,
0,,
0,,
0,,
0,,
0,,
0,,
0,,
0,,
0,,
0,,
0,,
0,,
0,,
0,,
0,,
0,,
0,,
0,,
0,,
0,,
0,,
0,,
0,,
0,,
0,,
0,,
0,,
0,,
0,,
0,,
0,,
0,,
0,,
0,,
0,,
0,,
0,,
0,,
0,,
0,,
0,,
0,,
0,,
0,,
0,,
0,,
0,,
0,,
0,,
0,,
0,,
0,,
0,,
0,,
0,,
0,,
0,,
0,,
0,,
0,,
0,,
0,,
0,,
0,,
0,,
0,,
0,,
0,,
0,,
0,,
0,,
0,,
0,,
0,,
0,,
0,,
0,,
0,,
0,,
0,,
0,,
0,,
0,,
0,,
0,,
0,,
0,,
0,,
0,,
0,,
0,,
0,,
0,,
0,,
0,,
0,,
0,,
0,,
0,,
0,,
0,,
0,,
0,,
0,,
0,,
0,,
0,,
0,,
0,,
0,,
0,,
0,,
0,,
0,,
0,,
0,,
0,,
0,,
0,,
0,,
0,,
0,,
0,,
0,,
0,,
0,,
0,,
0,,
0,,
0,,
0,,
0,,
0,,
0,,
0,,
0,,
0,,
0,,
0,,
0,,
0,,
0,,
0,,
0,,
0,,
0,,
0,,
0,,
0,,
0,,
0,,
0,,
0,,
0,,
0,,
0,,
0,,
0,,
0,,
0,,
0,,
0,,
0,,
0,,
0,,
0,,
0,,
0,,
0,,
0,,
0,,
0,,
0,,
0,,
0,,
0,,
0,,
0,,
0,,
0,,
0,,
0,,
0,,
0,,
0,,
0,,
0,,
0,,
0,,
0,,
0,,
0,,
0,,
0,,
0,,
0,,
0,,
0,,
0,,
0,,
0,,
0,,
0,,
0,,
0,,
0,,
0,,
0,,
0,,
0,,
0,,
0,,
0,,
0,,
0,,
0,,
0,,
0,,
0,,
0,,
0,,
0,,
0,,
0,,
0,,
0,,
0,,
0,,
1,899.0,1079.0
0,,
0,,
0,,
0,,
0,,
0,,
0,,
0,,
0,,
0,,
0,,
0,,
0,,
0,,
0,,
0,,
0,,
0,,
0,,
0,,
0,,
0,,
0,,
0,,
0,,
0,,
0,,
0,,
0,,
0,,
0,,
0,,
0,,
0,,
0,,
0,,
0,,
0,,
0,,
0,,
0,,
0,,
0,,
0,,
0,,
0,,
0,,
0,,
0,,
0,,
0,,
0,,
0,,
0,,
0,,
0,,
0,,
0,,
0,,
0,,
0,,
0,,
0,,
0,,
0,,
0,,
0,,
0,,
0,,
0,,
0,,
0,,
0,,
0,,
0,,
0,,
0,,
0,,
0,,
0,,
0,,
0,,
0,,
0,,
0,,
0,,
0,,
0,,
0,,
0,,
0,,
0,,
0,,
0,,
0,,
0,,
0,,
0,,
0,,
0,,
0,,
0,,
0,,
0,,
0,,
0,,
0,,
0,,
0,,
0,,
0,,
0,,
0,,
0,,
0,,
0,,
0,,
0,,
0,,
0,,
0,,
0,,
0,,
0,,
0,,
0,,
0,,
0,,
0,,
0,,
0,,
0,,
0,,
0,,
0,,
0,,
0,,
0,,
0,,
0,,
0,,
0,,
0,,
0,,
0,,
0,,
0,,
0,,
0,,
0,,
0,,
0,,
0,,
0,,
0,,
0,,
0,,
0,,
0,,
0,,
0,,
0,,
0,,
0,,
0,,
0,,
0,,
0,,
0,,
0,,
0,,
0,,
0,,
0,,
0,,
0,,
0,,
0,,
0,,
0,,
0,,
0,,
0,,
0,,
0,,
0,,
0,,
0,,
0,,
0,,
0,,
0,,
0,,
0,,
0,,
0,,
0,,
0,,
0,,
0,,
0,,
0,,
0,,
0,,
0,,
0,,
0,,
0,,
0,,
0,,
0,,
0,,
0,,
0,,
0,,
0,,
0,,
0,,
0,,
0,,
0,,
0,,
0,,
0,,
0,,
0,,
0,,
0,,
0,,
0,,
0,,
0,,
0,,
0,,
0,,
0,,
0,,
0,,
0,,
0,,
0,,
0,,
0,,
0,,
0,,
0,,
0,,
0,,
0,,
0,,
0,,
0,,
0,,
0,,
0,,
0,,
0,,
0,,
0,,
0,,
0,,
0,,
0,,
0,,
0,,
0,,
0,,
0,,
0,,
1,1919.0,1077.0
0,,
0,,
0,,
0,,
0,,
0,,
0,,
0,,
0,,
0,,
0,,
0,,
0,,
0,,
0,,
0,,
0,,
0,,
0,,
0,,
0,,
0,,
0,,
0,,
0,,
0,,
0,,
0,,
0,,
0,,
0,,
0,,
0,,
0,,
0,,
0,,
0,,
0,,
0,,
0,,
0,,
0,,
0,,
0,,
0,,
0,,
0,,
0,,
0,,
0,,
0,,
0,,
0,,
0,,
0,,
0,,
0,,
0,,
0,,
0,,
0,,
0,,
0,,
0,,
0,,
0,,
0,,
0,,
0,,
0,,
0,,
0,,
0,,
0,,
0,,
0,,
0,,
0,,
0,,
0,,
0,,
0,,
0,,
0,,
0,,
0,,
0,,
0,,
0,,
0,,
0,,
0,,
0,,
0,,
0,,
0,,
0,,
0,,
0,,
0,,
0,,
0,,
0,,
0,,
0,,
0,,
0,,
0,,
0,,
0,,
0,,
0,,
0,,
0,,
0,,
0,,
0,,
0,,
0,,
0,,
0,,
0,,
0,,
0,,
0,,
0,,
0,,
0,,
0,,
0,,
0,,
0,,
0,,
0,,
0,,
0,,
0,,
0,,
0,,
0,,
0,,
0,,
0,,
0,,
0,,
0,,
0,,
0,,
0,,
0,,
0,,
0,,
0,,
0,,
0,,
0,,
0,,
0,,
0,,
0,,
0,,
0,,
0,,
0,,
0,,
0,,
0,,
0,,
0,,
0,,
0,,
0,,
0,,
0,,
0,,
0,,
0,,
0,,
0,,
0,,
0,,
0,,
0,,
0,,
0,,
0,,
0,,
0,,
0,,
0,,
0,,
0,,
0,,
0,,
0,,
0,,
0,,
0,,
0,,
0,,
0,,
0,,
0,,
0,,
0,,
0,,
0,,
0,,
0,,
0,,
0,,
0,,
0,,
0,,
0,,
0,,
0,,
0,,
0,,
0,,
0,,
0,,
0,,
0,,
0,,
0,,
0,,
0,,
0,,
0,,
0,,
0,,
0,,
0,,
0,,
0,,
0,,
0,,
0,,
0,,
0,,
0,,
0,,
0,,
0,,
0,,
0,,
0,,
0,,
0,,
0,,
0,,
0,,
0,,
0,,
0,,
0,,
0,,
0,,
0,,
0,,
0,,
0,,
0,,
0,,
0,,
0,,
0,,
0,,
0,,
0,,
0,,
0,,
0,,
0,,
0,,
0,,
0,,
1,1905.0,855.0
0,,
0,,
0,,
0,,
0,,
0,,
0,,
0,,
0,,
0,,
0,,
0,,
0,,
0,,
0,,
0,,
0,,
0,,
0,,
0,,
0,,
0,,
0,,
0,,
0,,
0,,
0,,
0,,
0,,
0,,
0,,
0,,
0,,
0,,
0,,
0,,
0,,
0,,
0,,
0,,
0,,
0,,
0,,
0,,
0,,
0,,
0,,
0,,
0,,
0,,
0,,
0,,
0,,
0,,
0,,
0,,
0,,
0,,
0,,
0,,
0,,
0,,
0,,
0,,
0,,
0,,
0,,
0,,
0,,
0,,
0,,
0,,
0,,
0,,
0,,
0,,
0,,
0,,
0,,
0,,
0,,
0,,
0,,
0,,
0,,
0,,
0,,
0,,
0,,
0,,
0,,
0,,
0,,
0,,
0,,
0,,
0,,
0,,
0,,
0,,
0,,
0,,
0,,
0,,
0,,
0,,
0,,
0,,
0,,
0,,
0,,
0,,
0,,
0,,
0,,
0,,
0,,
0,,
0,,
0,,
0,,
0,,
0,,
0,,
0,,
0,,
0,,
0,,
0,,
0,,
0,,
0,,
0,,
0,,
0,,
0,,
0,,
0,,
0,,
0,,
0,,
0,,
0,,
0,,
0,,
0,,
0,,
0,,
0,,
0,,
0,,
0,,
0,,
0,,
0,,
0,,
0,,
0,,
0,,
0,,
0,,
0,,
0,,
0,,
0,,
0,,
0,,
0,,
0,,
0,,
0,,
0,,
0,,
0,,
0,,
0,,
0,,
0,,
0,,
0,,
0,,
0,,
0,,
0,,
0,,
0,,
0,,
0,,
0,,
0,,
0,,
0,,
0,,
0,,
0,,
0,,
0,,
0,,
0,,
0,,
0,,
0,,
0,,
0,,
0,,
0,,
0,,
0,,
0,,
0,,
0,,
0,,
0,,
0,,
0,,
0,,
0,,
0,,
0,,
0,,
0,,
0,,
0,,
0,,
0,,
0,,
0,,
0,,
0,,
0,,
0,,
0,,
0,,
0,,
0,,
0,,
0,,
0,,
0,,
0,,
0,,
0,,
0,,
0,,
0,,
0,,
0,,
0,,
0,,
0,,
0,,
0,,
0,,
0,,
0,,
0,,
0,,
0,,
0,,
0,,
0,,
0,,
0,,
0,,
0,,
0,,
0,,
0,,
0,,
0,,
0,,
0,,
0,,
0,,
0,,
0,,
0,,
0,,
0,,
0,,
0,,
0,,
0,,
0,,
0,,
0,,
0,,
0,,
0,,
0,,
0,,
0,,
0,,
0,,
0,,
0,,
0,,
0,,
0,,
0,,
0,,
0,,
0,,
0,,
0,,
0,,
0,,
0,,
0,,
0,,
0,,
0,,
0,,
0,,
0,,
0,,
0,,
0,,
0,,
0,,
0,,
0,,
0,,
0,,
0,,
0,,
0,,
0,,
0,,
0,,
0,,
0,,
0,,
0,,
0,,
0,,
0,,
0,,
0,,
0,,
0,,
0,,
0,,
0,,
0,,
0,,
1,1.0,593.0
0,,
0,,
0,,
0,,
0,,
0,,
0,,
0,,
0,,
0,,
0,,
0,,
0,,
0,,
0,,
0,,
0,,
0,,
0,,
0,,
0,,
0,,
0,,
0,,
0,,
0,,
0,,
0,,
0,,
0,,
0,,
0,,
0,,
0,,
0,,
0,,
0,,
0,,
0,,
0,,
0,,
0,,
0,,
0,,
0,,
0,,
0,,
0,,
0,,
0,,
0,,
0,,
0,,
0,,
0,,
0,,
0,,
0,,
0,,
0,,
0,,
0,,
0,,
0,,
0,,
0,,
0,,
0,,
0,,
0,,
0,,
0,,
0,,
0,,
0,,
0,,
0,,
0,,
0,,
0,,
0,,
0,,
0,,
0,,
0,,
0,,
0,,
0,,
0,,
0,,
0,,
0,,
0,,
0,,
0,,
0,,
0,,
0,,
0,,
0,,
0,,
0,,
0,,
0,,
0,,
0,,
0,,
0,,
0,,
0,,
0,,
0,,
0,,
0,,
0,,
0,,
0,,
0,,
0,,
0,,
0,,
0,,
0,,
0,,
0,,
0,,
0,,
0,,
0,,
0,,
0,,
0,,
0,,
0,,
0,,
0,,
0,,
0,,
0,,
0,,
0,,
0,,
0,,
0,,
0,,
0,,
0,,
0,,
0,,
0,,
0,,
0,,
0,,
0,,
0,,
0,,
0,,
0,,
0,,
0,,
0,,
0,,
0,,
0,,
0,,
0,,
0,,
0,,
0,,
0,,
0,,
0,,
0,,
0,,
0,,
0,,
0,,
0,,
0,,
0,,
0,,
0,,
0,,
0,,
0,,
0,,
0,,
0,,
0,,
0,,
0,,
0,,
0,,
0,,
0,,
0,,
0,,
0,,
0,,
0,,
0,,
0,,
0,,
0,,
0,,
0,,
0,,
0,,
0,,
0,,
0,,
0,,
0,,
0,,
0,,
0,,
0,,
0,,
0,,
0,,
0,,
0,,
0,,
0,,
0,,
0,,
0,,
0,,
0,,
0,,
0,,
0,,
0,,
0,,
0,,
0,,
0,,
0,,
0,,
0,,
0,,
0,,
0,,
0,,
0,,
0,,
0,,
0,,
0,,
0,,
0,,
0,,
0,,
0,,
0,,
0,,
0,,
0,,
0,,
0,,
0,,
0,,
0,,
0,,
0,,
0,,
0,,
0,,
0,,
0,,
0,,
0,,
0,,
0,,
0,,
0,,
0,,
0,,
0,,
0,,
0,,
0,,
0,,
0,,
0,,
0,,
0,,
0,,
0,,
0,,
0,,
0,,
0,,
0,,
0,,
0,,
0,,
0,,
0,,
0,,
0,,
0,,
0,,
0,,
0,,
0,,
0,,
0,,
0,,
0,,
0,,
0,,
0,,
0,,
0,,
0,,
0,,
0,,
0,,
0,,
0,,
0,,
0,,
0,,
0,,
0,,
0,,
0,,
0,,
0,,
0,,
0,,
0,,
0,,
0,,
0,,
0,,
0,,
0,,
0,,
0,,
0,,
0,,
0,,
0,,
0,,
0,,
0,,
0,,
0,,
0,,
0,,
0,,
0,,
0,,
0,,
0,,
0,,
0,,
0,,
0,,
0,,
0,,
0,,
0,,
0,,
0,,
0,,
0,,
0,,
0,,
0,,
0,,
0,,
0,,
0,,
0,,
0,,
0,,
0,,
0,,
0,,
0,,
0,,
0,,
0,,
1,1809.0,23.0
